{
  "timestamp": "20250919_115338",
  "ratings": {
    "37": 1498.615410854742,
    "38": 1527.1431118671342,
    "39": 1455.3644835789776,
    "40": 1394.645477799864,
    "41": 1496.539170332961,
    "42": 1573.7663031602974,
    "43": 1565.3628586061168,
    "44": 1361.4993618477774,
    "45": 1540.4923828901885,
    "46": 1556.1975971699785,
    "47": 1359.2817589870867,
    "48": 1611.6725418911678,
    "49": 1491.1149430899002,
    "50": 1378.7648136811606,
    "51": 1396.8344805143724,
    "52": 1493.7167639898041,
    "53": 1587.9634884454345,
    "54": 1481.2846308196347,
    "55": 1555.3677608710068,
    "56": 1579.1172038744396,
    "57": 1413.9871132324042,
    "58": 1550.6420829402082,
    "59": 1517.1088554495234,
    "60": 1691.4035541527394,
    "61": 1410.7194354736002,
    "62": 1503.7041621905664,
    "63": 1458.2023302631512,
    "64": 1486.1556653907353,
    "65": 1520.503879735002,
    "66": 1343.6633343739065,
    "67": 1399.3826753073047,
    "68": 1392.5565468439436,
    "69": 1623.6494679377142,
    "70": 1628.8515609495394,
    "71": 1654.7247914876152
  },
  "teams": {
    "37": {
      "abbreviation": "STL",
      "rating": 1498.615410854742
    },
    "38": {
      "abbreviation": "SF",
      "rating": 1527.1431118671342
    },
    "39": {
      "abbreviation": "MIA",
      "rating": 1455.3644835789776
    },
    "40": {
      "abbreviation": "CLE",
      "rating": 1394.645477799864
    },
    "41": {
      "abbreviation": "DAL",
      "rating": 1496.539170332961
    },
    "42": {
      "abbreviation": "CIN",
      "rating": 1573.7663031602974
    },
    "43": {
      "abbreviation": "MIN",
      "rating": 1565.3628586061168
    },
    "44": {
      "abbreviation": "NYG",
      "rating": 1361.4993618477774
    },
    "45": {
      "abbreviation": "SEA",
      "rating": 1540.4923828901885
    },
    "46": {
      "abbreviation": "WAS",
      "rating": 1556.1975971699785
    },
    "47": {
      "abbreviation": "CAR",
      "rating": 1359.2817589870867
    },
    "48": {
      "abbreviation": "BAL",
      "rating": 1611.6725418911678
    },
    "49": {
      "abbreviation": "SD",
      "rating": 1491.1149430899002
    },
    "50": {
      "abbreviation": "NO",
      "rating": 1378.7648136811606
    },
    "51": {
      "abbreviation": "NE",
      "rating": 1396.8344805143724
    },
    "52": {
      "abbreviation": "HOU",
      "rating": 1493.7167639898041
    },
    "53": {
      "abbreviation": "GB",
      "rating": 1587.9634884454345
    },
    "54": {
      "abbreviation": "ARI",
      "rating": 1481.2846308196347
    },
    "55": {
      "abbreviation": "LAC",
      "rating": 1555.3677608710068
    },
    "56": {
      "abbreviation": "LA",
      "rating": 1579.1172038744396
    },
    "57": {
      "abbreviation": "LV",
      "rating": 1413.9871132324042
    },
    "58": {
      "abbreviation": "TB",
      "rating": 1550.6420829402082
    },
    "59": {
      "abbreviation": "DEN",
      "rating": 1517.1088554495234
    },
    "60": {
      "abbreviation": "PHI",
      "rating": 1691.4035541527394
    },
    "61": {
      "abbreviation": "JAX",
      "rating": 1410.7194354736002
    },
    "62": {
      "abbreviation": "IND",
      "rating": 1503.7041621905664
    },
    "63": {
      "abbreviation": "ATL",
      "rating": 1458.2023302631512
    },
    "64": {
      "abbreviation": "OAK",
      "rating": 1486.1556653907353
    },
    "65": {
      "abbreviation": "PIT",
      "rating": 1520.503879735002
    },
    "66": {
      "abbreviation": "TEN",
      "rating": 1343.6633343739065
    },
    "67": {
      "abbreviation": "NYJ",
      "rating": 1399.3826753073047
    },
    "68": {
      "abbreviation": "CHI",
      "rating": 1392.5565468439436
    },
    "69": {
      "abbreviation": "DET",
      "rating": 1623.6494679377142
    },
    "70": {
      "abbreviation": "KC",
      "rating": 1628.8515609495394
    },
    "71": {
      "abbreviation": "BUF",
      "rating": 1654.7247914876152
    }
  }
}