{
  "timestamp": "20250919_120120",
  "ratings": {
    "37": 1500.0,
    "38": 1488.1943041137918,
    "39": 1447.6344610960825,
    "40": 1379.474646229786,
    "41": 1473.7024486605965,
    "42": 1553.8853301325064,
    "43": 1571.5259932657277,
    "44": 1373.4909477971494,
    "45": 1533.7529283930678,
    "46": 1579.0238035474615,
    "47": 1410.2456451198416,
    "48": 1575.950164272975,
    "50": 1383.000780980585,
    "51": 1421.7623297330429,
    "52": 1492.8292780638528,
    "53": 1575.6193648865822,
    "54": 1512.3024087982683,
    "55": 1572.0503058092722,
    "56": 1569.1061465701666,
    "57": 1419.6698936220496,
    "58": 1550.7092244119938,
    "59": 1524.8187142271192,
    "60": 1672.6155228107668,
    "61": 1420.1796173107716,
    "62": 1515.4997750113337,
    "63": 1481.9855675456504,
    "64": 1500.0,
    "65": 1503.8823600113797,
    "66": 1365.565867061545,
    "67": 1411.8653631820384,
    "68": 1414.5897350987848,
    "69": 1602.3783991849807,
    "70": 1583.9192084544736,
    "49": 1500.0,
    "71": 1618.7694645963566
  },
  "teams": {
    "37": {
      "abbreviation": "STL",
      "rating": 1500.0
    },
    "38": {
      "abbreviation": "SF",
      "rating": 1488.1943041137918
    },
    "39": {
      "abbreviation": "MIA",
      "rating": 1447.6344610960825
    },
    "40": {
      "abbreviation": "CLE",
      "rating": 1379.474646229786
    },
    "41": {
      "abbreviation": "DAL",
      "rating": 1473.7024486605965
    },
    "42": {
      "abbreviation": "CIN",
      "rating": 1553.8853301325064
    },
    "43": {
      "abbreviation": "MIN",
      "rating": 1571.5259932657277
    },
    "44": {
      "abbreviation": "NYG",
      "rating": 1373.4909477971494
    },
    "45": {
      "abbreviation": "SEA",
      "rating": 1533.7529283930678
    },
    "46": {
      "abbreviation": "WAS",
      "rating": 1579.0238035474615
    },
    "47": {
      "abbreviation": "CAR",
      "rating": 1410.2456451198416
    },
    "48": {
      "abbreviation": "BAL",
      "rating": 1575.950164272975
    },
    "50": {
      "abbreviation": "NO",
      "rating": 1383.000780980585
    },
    "51": {
      "abbreviation": "NE",
      "rating": 1421.7623297330429
    },
    "52": {
      "abbreviation": "HOU",
      "rating": 1492.8292780638528
    },
    "53": {
      "abbreviation": "GB",
      "rating": 1575.6193648865822
    },
    "54": {
      "abbreviation": "ARI",
      "rating": 1512.3024087982683
    },
    "55": {
      "abbreviation": "LAC",
      "rating": 1572.0503058092722
    },
    "56": {
      "abbreviation": "LA",
      "rating": 1569.1061465701666
    },
    "57": {
      "abbreviation": "LV",
      "rating": 1419.6698936220496
    },
    "58": {
      "abbreviation": "TB",
      "rating": 1550.7092244119938
    },
    "59": {
      "abbreviation": "DEN",
      "rating": 1524.8187142271192
    },
    "60": {
      "abbreviation": "PHI",
      "rating": 1672.6155228107668
    },
    "61": {
      "abbreviation": "JAX",
      "rating": 1420.1796173107716
    },
    "62": {
      "abbreviation": "IND",
      "rating": 1515.4997750113337
    },
    "63": {
      "abbreviation": "ATL",
      "rating": 1481.9855675456504
    },
    "64": {
      "abbreviation": "OAK",
      "rating": 1500.0
    },
    "65": {
      "abbreviation": "PIT",
      "rating": 1503.8823600113797
    },
    "66": {
      "abbreviation": "TEN",
      "rating": 1365.565867061545
    },
    "67": {
      "abbreviation": "NYJ",
      "rating": 1411.8653631820384
    },
    "68": {
      "abbreviation": "CHI",
      "rating": 1414.5897350987848
    },
    "69": {
      "abbreviation": "DET",
      "rating": 1602.3783991849807
    },
    "70": {
      "abbreviation": "KC",
      "rating": 1583.9192084544736
    },
    "49": {
      "abbreviation": "SD",
      "rating": 1500.0
    },
    "71": {
      "abbreviation": "BUF",
      "rating": 1618.7694645963566
    }
  }
}