{
  "timestamp": "20250919_114022",
  "ratings": {
    "37": 1500.0,
    "38": 1483.0001869490607,
    "39": 1498.5899704596145,
    "40": 1385.8890505349198,
    "41": 1492.414067642917,
    "42": 1569.2013447608865,
    "43": 1609.7245884270494,
    "44": 1336.995914107999,
    "45": 1552.0630054824528,
    "46": 1585.0491639393654,
    "47": 1344.3727056758305,
    "48": 1656.0304830375012,
    "49": 1500.0,
    "50": 1383.5984608134572,
    "51": 1353.2104235519873,
    "52": 1533.4170337132455,
    "53": 1568.969173847266,
    "54": 1434.5548698410955,
    "55": 1520.656762633231,
    "56": 1571.2545989154817,
    "57": 1378.530906004759,
    "58": 1518.1515960655086,
    "59": 1532.5138422181255,
    "60": 1718.4913945299984,
    "61": 1371.7108581619389,
    "62": 1459.4225989016686,
    "63": 1425.9887298748047,
    "64": 1500.0,
    "65": 1537.9674421489567,
    "66": 1315.9176006643786,
    "67": 1399.6228375107758,
    "68": 1380.5074362547064,
    "69": 1682.0172871104753,
    "70": 1726.6976504498398,
    "71": 1673.4680157707037
  },
  "teams": {
    "37": {
      "abbreviation": "STL",
      "rating": 1500.0
    },
    "38": {
      "abbreviation": "SF",
      "rating": 1483.0001869490607
    },
    "39": {
      "abbreviation": "MIA",
      "rating": 1498.5899704596145
    },
    "40": {
      "abbreviation": "CLE",
      "rating": 1385.8890505349198
    },
    "41": {
      "abbreviation": "DAL",
      "rating": 1492.414067642917
    },
    "42": {
      "abbreviation": "CIN",
      "rating": 1569.2013447608865
    },
    "43": {
      "abbreviation": "MIN",
      "rating": 1609.7245884270494
    },
    "44": {
      "abbreviation": "NYG",
      "rating": 1336.995914107999
    },
    "45": {
      "abbreviation": "SEA",
      "rating": 1552.0630054824528
    },
    "46": {
      "abbreviation": "WAS",
      "rating": 1585.0491639393654
    },
    "47": {
      "abbreviation": "CAR",
      "rating": 1344.3727056758305
    },
    "48": {
      "abbreviation": "BAL",
      "rating": 1656.0304830375012
    },
    "49": {
      "abbreviation": "SD",
      "rating": 1500.0
    },
    "50": {
      "abbreviation": "NO",
      "rating": 1383.5984608134572
    },
    "51": {
      "abbreviation": "NE",
      "rating": 1353.2104235519873
    },
    "52": {
      "abbreviation": "HOU",
      "rating": 1533.4170337132455
    },
    "53": {
      "abbreviation": "GB",
      "rating": 1568.969173847266
    },
    "54": {
      "abbreviation": "ARI",
      "rating": 1434.5548698410955
    },
    "55": {
      "abbreviation": "LAC",
      "rating": 1520.656762633231
    },
    "56": {
      "abbreviation": "LA",
      "rating": 1571.2545989154817
    },
    "57": {
      "abbreviation": "LV",
      "rating": 1378.530906004759
    },
    "58": {
      "abbreviation": "TB",
      "rating": 1518.1515960655086
    },
    "59": {
      "abbreviation": "DEN",
      "rating": 1532.5138422181255
    },
    "60": {
      "abbreviation": "PHI",
      "rating": 1718.4913945299984
    },
    "61": {
      "abbreviation": "JAX",
      "rating": 1371.7108581619389
    },
    "62": {
      "abbreviation": "IND",
      "rating": 1459.4225989016686
    },
    "63": {
      "abbreviation": "ATL",
      "rating": 1425.9887298748047
    },
    "64": {
      "abbreviation": "OAK",
      "rating": 1500.0
    },
    "65": {
      "abbreviation": "PIT",
      "rating": 1537.9674421489567
    },
    "66": {
      "abbreviation": "TEN",
      "rating": 1315.9176006643786
    },
    "67": {
      "abbreviation": "NYJ",
      "rating": 1399.6228375107758
    },
    "68": {
      "abbreviation": "CHI",
      "rating": 1380.5074362547064
    },
    "69": {
      "abbreviation": "DET",
      "rating": 1682.0172871104753
    },
    "70": {
      "abbreviation": "KC",
      "rating": 1726.6976504498398
    },
    "71": {
      "abbreviation": "BUF",
      "rating": 1673.4680157707037
    }
  }
}