{
  "timestamp": "20250919_114448",
  "ratings": {
    "37": 1500.0,
    "38": 1526.7331699879044,
    "39": 1455.0802296037714,
    "40": 1394.443170106464,
    "41": 1496.1001107793584,
    "42": 1573.5214567318192,
    "43": 1564.9309916295904,
    "44": 1361.088681474563,
    "45": 1540.0813045021755,
    "46": 1555.7769458487314,
    "47": 1358.8141975509486,
    "48": 1611.4192783716483,
    "49": 1500.0,
    "50": 1378.30176384075,
    "51": 1396.5130019996209,
    "52": 1493.471733125272,
    "53": 1587.5471512366748,
    "54": 1480.8678368389285,
    "55": 1555.0590193528417,
    "56": 1578.7206337740724,
    "57": 1413.684310644504,
    "58": 1550.1992683636627,
    "59": 1516.8374518564772,
    "60": 1690.97197870128,
    "61": 1410.4696465360598,
    "62": 1503.4623290065451,
    "63": 1457.728028692911,
    "64": 1487.0543850511935,
    "65": 1520.2298517169877,
    "66": 1343.4094226169107,
    "67": 1399.125304308981,
    "68": 1392.1688775969112,
    "69": 1623.2278288244474,
    "70": 1628.5314030135992,
    "71": 1654.429236314394
  },
  "teams": {
    "37": {
      "abbreviation": "STL",
      "rating": 1500.0
    },
    "38": {
      "abbreviation": "SF",
      "rating": 1526.7331699879044
    },
    "39": {
      "abbreviation": "MIA",
      "rating": 1455.0802296037714
    },
    "40": {
      "abbreviation": "CLE",
      "rating": 1394.443170106464
    },
    "41": {
      "abbreviation": "DAL",
      "rating": 1496.1001107793584
    },
    "42": {
      "abbreviation": "CIN",
      "rating": 1573.5214567318192
    },
    "43": {
      "abbreviation": "MIN",
      "rating": 1564.9309916295904
    },
    "44": {
      "abbreviation": "NYG",
      "rating": 1361.088681474563
    },
    "45": {
      "abbreviation": "SEA",
      "rating": 1540.0813045021755
    },
    "46": {
      "abbreviation": "WAS",
      "rating": 1555.7769458487314
    },
    "47": {
      "abbreviation": "CAR",
      "rating": 1358.8141975509486
    },
    "48": {
      "abbreviation": "BAL",
      "rating": 1611.4192783716483
    },
    "49": {
      "abbreviation": "SD",
      "rating": 1500.0
    },
    "50": {
      "abbreviation": "NO",
      "rating": 1378.30176384075
    },
    "51": {
      "abbreviation": "NE",
      "rating": 1396.5130019996209
    },
    "52": {
      "abbreviation": "HOU",
      "rating": 1493.471733125272
    },
    "53": {
      "abbreviation": "GB",
      "rating": 1587.5471512366748
    },
    "54": {
      "abbreviation": "ARI",
      "rating": 1480.8678368389285
    },
    "55": {
      "abbreviation": "LAC",
      "rating": 1555.0590193528417
    },
    "56": {
      "abbreviation": "LA",
      "rating": 1578.7206337740724
    },
    "57": {
      "abbreviation": "LV",
      "rating": 1413.684310644504
    },
    "58": {
      "abbreviation": "TB",
      "rating": 1550.1992683636627
    },
    "59": {
      "abbreviation": "DEN",
      "rating": 1516.8374518564772
    },
    "60": {
      "abbreviation": "PHI",
      "rating": 1690.97197870128
    },
    "61": {
      "abbreviation": "JAX",
      "rating": 1410.4696465360598
    },
    "62": {
      "abbreviation": "IND",
      "rating": 1503.4623290065451
    },
    "63": {
      "abbreviation": "ATL",
      "rating": 1457.728028692911
    },
    "64": {
      "abbreviation": "OAK",
      "rating": 1487.0543850511935
    },
    "65": {
      "abbreviation": "PIT",
      "rating": 1520.2298517169877
    },
    "66": {
      "abbreviation": "TEN",
      "rating": 1343.4094226169107
    },
    "67": {
      "abbreviation": "NYJ",
      "rating": 1399.125304308981
    },
    "68": {
      "abbreviation": "CHI",
      "rating": 1392.1688775969112
    },
    "69": {
      "abbreviation": "DET",
      "rating": 1623.2278288244474
    },
    "70": {
      "abbreviation": "KC",
      "rating": 1628.5314030135992
    },
    "71": {
      "abbreviation": "BUF",
      "rating": 1654.429236314394
    }
  }
}