{
  "timestamp": "20250919_133607",
  "ratings": {
    "37": 1500.0,
    "38": 1513.5088968614766,
    "39": 1453.441989989113,
    "64": 1500.0,
    "40": 1392.874711443429,
    "41": 1486.8352834227894,
    "42": 1559.1469945804195,
    "43": 1564.261286243853,
    "44": 1360.1698711634126,
    "45": 1538.3196711365613,
    "46": 1554.8936539885683,
    "47": 1366.9740130348741,
    "48": 1604.7639397665573,
    "49": 1500.0,
    "50": 1381.6415990754099,
    "51": 1395.9540585099612,
    "52": 1504.2325407029994,
    "53": 1585.8468331422587,
    "54": 1489.1179175748025,
    "55": 1553.1581524199921,
    "56": 1579.0688423244062,
    "57": 1415.3119268483813,
    "58": 1550.579162655564,
    "59": 1523.6595621937315,
    "60": 1678.6663077551948,
    "61": 1415.465353316056,
    "62": 1514.8306721465472,
    "63": 1464.782752138979,
    "65": 1513.5092546020965,
    "66": 1350.1736097007345,
    "67": 1404.9352426985097,
    "68": 1408.1971749961858,
    "69": 1624.7845761556466,
    "70": 1609.922872201412,
    "71": 1640.9712772100766
  },
  "teams": {
    "37": {
      "abbreviation": "STL",
      "rating": 1500.0
    },
    "38": {
      "abbreviation": "SF",
      "rating": 1513.5088968614766
    },
    "39": {
      "abbreviation": "MIA",
      "rating": 1453.441989989113
    },
    "64": {
      "abbreviation": "OAK",
      "rating": 1500.0
    },
    "40": {
      "abbreviation": "CLE",
      "rating": 1392.874711443429
    },
    "41": {
      "abbreviation": "DAL",
      "rating": 1486.8352834227894
    },
    "42": {
      "abbreviation": "CIN",
      "rating": 1559.1469945804195
    },
    "43": {
      "abbreviation": "MIN",
      "rating": 1564.261286243853
    },
    "44": {
      "abbreviation": "NYG",
      "rating": 1360.1698711634126
    },
    "45": {
      "abbreviation": "SEA",
      "rating": 1538.3196711365613
    },
    "46": {
      "abbreviation": "WAS",
      "rating": 1554.8936539885683
    },
    "47": {
      "abbreviation": "CAR",
      "rating": 1366.9740130348741
    },
    "48": {
      "abbreviation": "BAL",
      "rating": 1604.7639397665573
    },
    "49": {
      "abbreviation": "SD",
      "rating": 1500.0
    },
    "50": {
      "abbreviation": "NO",
      "rating": 1381.6415990754099
    },
    "51": {
      "abbreviation": "NE",
      "rating": 1395.9540585099612
    },
    "52": {
      "abbreviation": "HOU",
      "rating": 1504.2325407029994
    },
    "53": {
      "abbreviation": "GB",
      "rating": 1585.8468331422587
    },
    "54": {
      "abbreviation": "ARI",
      "rating": 1489.1179175748025
    },
    "55": {
      "abbreviation": "LAC",
      "rating": 1553.1581524199921
    },
    "56": {
      "abbreviation": "LA",
      "rating": 1579.0688423244062
    },
    "57": {
      "abbreviation": "LV",
      "rating": 1415.3119268483813
    },
    "58": {
      "abbreviation": "TB",
      "rating": 1550.579162655564
    },
    "59": {
      "abbreviation": "DEN",
      "rating": 1523.6595621937315
    },
    "60": {
      "abbreviation": "PHI",
      "rating": 1678.6663077551948
    },
    "61": {
      "abbreviation": "JAX",
      "rating": 1415.465353316056
    },
    "62": {
      "abbreviation": "IND",
      "rating": 1514.8306721465472
    },
    "63": {
      "abbreviation": "ATL",
      "rating": 1464.782752138979
    },
    "65": {
      "abbreviation": "PIT",
      "rating": 1513.5092546020965
    },
    "66": {
      "abbreviation": "TEN",
      "rating": 1350.1736097007345
    },
    "67": {
      "abbreviation": "NYJ",
      "rating": 1404.9352426985097
    },
    "68": {
      "abbreviation": "CHI",
      "rating": 1408.1971749961858
    },
    "69": {
      "abbreviation": "DET",
      "rating": 1624.7845761556466
    },
    "70": {
      "abbreviation": "KC",
      "rating": 1609.922872201412
    },
    "71": {
      "abbreviation": "BUF",
      "rating": 1640.9712772100766
    }
  }
}