{
  "timestamp": "20250919_133056",
  "model_type": "elo_recent_form",
  "ratings": {
    "37": 1500.0,
    "38": 1513.5088968614766,
    "39": 1453.441989989113,
    "64": 1500.0,
    "40": 1392.874711443429,
    "41": 1486.8352834227894,
    "42": 1559.1469945804195,
    "43": 1564.261286243853,
    "44": 1360.1698711634126,
    "45": 1538.3196711365613,
    "46": 1554.8936539885683,
    "47": 1366.9740130348741,
    "48": 1604.7639397665573,
    "49": 1500.0,
    "50": 1381.6415990754099,
    "51": 1395.9540585099612,
    "52": 1504.2325407029994,
    "53": 1585.8468331422587,
    "54": 1489.1179175748025,
    "55": 1553.1581524199921,
    "56": 1579.0688423244062,
    "57": 1415.3119268483813,
    "58": 1550.579162655564,
    "59": 1523.6595621937315,
    "60": 1678.6663077551948,
    "61": 1415.465353316056,
    "62": 1514.8306721465472,
    "63": 1464.782752138979,
    "65": 1513.5092546020965,
    "66": 1350.1736097007345,
    "67": 1404.9352426985097,
    "68": 1408.1971749961858,
    "69": 1624.7845761556466,
    "70": 1609.922872201412,
    "71": 1640.9712772100766
  },
  "recent_games_weight": 0.3,
  "games_to_consider": 3,
  "momentum_factor": 50,
  "teams": {
    "37": {
      "abbreviation": "STL",
      "base_rating": 1500.0,
      "form_rating": -17.555555555555543,
      "momentum": "cold",
      "recent_record": "1-2"
    },
    "38": {
      "abbreviation": "SF",
      "base_rating": 1513.5088968614766,
      "form_rating": 50,
      "momentum": "hot",
      "recent_record": "2-1"
    },
    "39": {
      "abbreviation": "MIA",
      "base_rating": 1453.441989989113,
      "form_rating": -50,
      "momentum": "neutral",
      "recent_record": "0-3"
    },
    "64": {
      "abbreviation": "OAK",
      "base_rating": 1500.0,
      "form_rating": -15.111111111111109,
      "momentum": "neutral",
      "recent_record": "1-2"
    },
    "40": {
      "abbreviation": "CLE",
      "base_rating": 1392.874711443429,
      "form_rating": -50,
      "momentum": "neutral",
      "recent_record": "0-3"
    },
    "41": {
      "abbreviation": "DAL",
      "base_rating": 1486.8352834227894,
      "form_rating": 19.333333333333343,
      "momentum": "hot",
      "recent_record": "1-2"
    },
    "42": {
      "abbreviation": "CIN",
      "base_rating": 1559.1469945804195,
      "form_rating": 50,
      "momentum": "neutral",
      "recent_record": "3-0"
    },
    "43": {
      "abbreviation": "MIN",
      "base_rating": 1564.261286243853,
      "form_rating": -30.0,
      "momentum": "neutral",
      "recent_record": "1-2"
    },
    "44": {
      "abbreviation": "NYG",
      "base_rating": 1360.1698711634126,
      "form_rating": -50,
      "momentum": "neutral",
      "recent_record": "0-3"
    },
    "45": {
      "abbreviation": "SEA",
      "base_rating": 1538.3196711365613,
      "form_rating": 25.333333333333343,
      "momentum": "neutral",
      "recent_record": "2-1"
    },
    "46": {
      "abbreviation": "WAS",
      "base_rating": 1554.8936539885683,
      "form_rating": -23.111111111111107,
      "momentum": "neutral",
      "recent_record": "1-2"
    },
    "47": {
      "abbreviation": "CAR",
      "base_rating": 1366.9740130348741,
      "form_rating": -50,
      "momentum": "cold",
      "recent_record": "0-3"
    },
    "48": {
      "abbreviation": "BAL",
      "base_rating": 1604.7639397665573,
      "form_rating": 35.11111111111112,
      "momentum": "hot",
      "recent_record": "1-2"
    },
    "49": {
      "abbreviation": "SD",
      "base_rating": 1500.0,
      "form_rating": -50,
      "momentum": "neutral",
      "recent_record": "0-3"
    },
    "50": {
      "abbreviation": "NO",
      "base_rating": 1381.6415990754099,
      "form_rating": -50,
      "momentum": "neutral",
      "recent_record": "0-3"
    },
    "51": {
      "abbreviation": "NE",
      "base_rating": 1395.9540585099612,
      "form_rating": 19.11111111111112,
      "momentum": "neutral",
      "recent_record": "2-1"
    },
    "52": {
      "abbreviation": "HOU",
      "base_rating": 1504.2325407029994,
      "form_rating": -50,
      "momentum": "neutral",
      "recent_record": "0-3"
    },
    "53": {
      "abbreviation": "GB",
      "base_rating": 1585.8468331422587,
      "form_rating": 50,
      "momentum": "hot",
      "recent_record": "2-1"
    },
    "54": {
      "abbreviation": "ARI",
      "base_rating": 1489.1179175748025,
      "form_rating": 50,
      "momentum": "neutral",
      "recent_record": "3-0"
    },
    "55": {
      "abbreviation": "LAC",
      "base_rating": 1553.1581524199921,
      "form_rating": 50,
      "momentum": "hot",
      "recent_record": "2-1"
    },
    "56": {
      "abbreviation": "LA",
      "base_rating": 1579.0688423244062,
      "form_rating": 50,
      "momentum": "hot",
      "recent_record": "2-1"
    },
    "57": {
      "abbreviation": "LV",
      "base_rating": 1415.3119268483813,
      "form_rating": -23.999999999999996,
      "momentum": "neutral",
      "recent_record": "1-2"
    },
    "58": {
      "abbreviation": "TB",
      "base_rating": 1550.579162655564,
      "form_rating": 50,
      "momentum": "hot",
      "recent_record": "2-1"
    },
    "59": {
      "abbreviation": "DEN",
      "base_rating": 1523.6595621937315,
      "form_rating": -19.111111111111107,
      "momentum": "neutral",
      "recent_record": "1-2"
    },
    "60": {
      "abbreviation": "PHI",
      "base_rating": 1678.6663077551948,
      "form_rating": 50,
      "momentum": "neutral",
      "recent_record": "3-0"
    },
    "61": {
      "abbreviation": "JAX",
      "base_rating": 1415.465353316056,
      "form_rating": -12.888888888888888,
      "momentum": "neutral",
      "recent_record": "1-2"
    },
    "62": {
      "abbreviation": "IND",
      "base_rating": 1514.8306721465472,
      "form_rating": 50,
      "momentum": "neutral",
      "recent_record": "3-0"
    },
    "63": {
      "abbreviation": "ATL",
      "base_rating": 1464.782752138979,
      "form_rating": 28.00000000000001,
      "momentum": "hot",
      "recent_record": "1-2"
    },
    "65": {
      "abbreviation": "PIT",
      "base_rating": 1513.5092546020965,
      "form_rating": -28.22222222222222,
      "momentum": "neutral",
      "recent_record": "1-2"
    },
    "66": {
      "abbreviation": "TEN",
      "base_rating": 1350.1736097007345,
      "form_rating": -50,
      "momentum": "neutral",
      "recent_record": "0-3"
    },
    "67": {
      "abbreviation": "NYJ",
      "base_rating": 1404.9352426985097,
      "form_rating": -50,
      "momentum": "cold",
      "recent_record": "0-3"
    },
    "68": {
      "abbreviation": "CHI",
      "base_rating": 1408.1971749961858,
      "form_rating": -50,
      "momentum": "cold",
      "recent_record": "0-3"
    },
    "69": {
      "abbreviation": "DET",
      "base_rating": 1624.7845761556466,
      "form_rating": 31.333333333333343,
      "momentum": "hot",
      "recent_record": "1-2"
    },
    "70": {
      "abbreviation": "KC",
      "base_rating": 1609.922872201412,
      "form_rating": -50,
      "momentum": "neutral",
      "recent_record": "0-3"
    },
    "71": {
      "abbreviation": "BUF",
      "base_rating": 1640.9712772100766,
      "form_rating": 50,
      "momentum": "hot",
      "recent_record": "2-1"
    }
  }
}